/*
	###########################################################
	BLOQUE DE COMPROBACIONES INICIALES
	
	SI EXISTEN LAS TABLAS, LAS BORRO
	###########################################################
*/

-- BORRAR TABLA RESERVAS_DE_SERVICIOS SI EXISTE--
IF EXISTS
	(
		SELECT TABLE_NAME
		FROM INFORMATION_SCHEMA.TABLES
		WHERE TABLE_NAME = UPPER('RESERVAS_DE_SERVICIOS')
		AND TABLE_SCHEMA = UPPER('DBO')
	)	
	DROP TABLE RESERVAS_DE_SERVICIOS;
GO

-- BORRAR TABLA TIPOS_DE_SERVICIOS SI EXISTE--
IF EXISTS
	(
		SELECT TABLE_NAME
		FROM INFORMATION_SCHEMA.TABLES
		WHERE TABLE_NAME = UPPER('TIPOS_DE_SERVICIOS')
		AND TABLE_SCHEMA = UPPER('DBO')
	)	
	DROP TABLE TIPOS_DE_SERVICIOS;
GO

-- BORRAR TABLA RESERVAS_DE_HABITACIONES SI EXISTE--
IF EXISTS
	(
		SELECT TABLE_NAME
		FROM INFORMATION_SCHEMA.TABLES
		WHERE TABLE_NAME = UPPER('RESERVAS_DE_HABITACIONES')
		AND TABLE_SCHEMA = UPPER('DBO')
	)	
	DROP TABLE RESERVAS_DE_HABITACIONES;
GO

-- BORRAR TABLA CLIENTES SI EXISTE--
IF EXISTS
	(
		SELECT TABLE_NAME
		FROM INFORMATION_SCHEMA.TABLES
		WHERE TABLE_NAME = UPPER('CLIENTES')
		AND TABLE_SCHEMA = UPPER('DBO')
	)	
	DROP TABLE CLIENTES;
GO

-- BORRAR TABLA HABITACIONES SI EXISTE--
IF EXISTS
	(
		SELECT TABLE_NAME
		FROM INFORMATION_SCHEMA.TABLES
		WHERE TABLE_NAME = UPPER('HABITACIONES')
		AND TABLE_SCHEMA = UPPER('DBO')
	)	
	DROP TABLE HABITACIONES;
GO

-- BORRAR TABLA TIPOS_DE_HABITACIONES SI EXISTE--
IF EXISTS
	(
		SELECT TABLE_NAME
		FROM INFORMATION_SCHEMA.TABLES
		WHERE TABLE_NAME = UPPER('TIPOS_DE_HABITACIONES')
		AND TABLE_SCHEMA = UPPER('DBO')
	)	
	DROP TABLE TIPOS_DE_HABITACIONES;
GO

-- BORRAR TABLA TIPOS_DE_CAMAS SI EXISTE--
IF EXISTS
	(
		SELECT TABLE_NAME
		FROM INFORMATION_SCHEMA.TABLES
		WHERE TABLE_NAME = UPPER('TIPOS_DE_CAMAS')
		AND TABLE_SCHEMA = UPPER('DBO')
	)	
	DROP TABLE TIPOS_DE_CAMAS;
GO

-- BORRAR TABLA USUARIOS SI EXISTE--
IF EXISTS
	(
		SELECT TABLE_NAME
		FROM INFORMATION_SCHEMA.TABLES
		WHERE TABLE_NAME = UPPER('USUARIOS')
		AND TABLE_SCHEMA = UPPER('DBO')
	)	
	DROP TABLE USUARIOS;
GO

DROP VIEW IF EXISTS VIEW_DATOS_DE_HABITACIONES_DISPONIBLES;
DROP VIEW IF EXISTS dbo.VIEW_DATOS_DE_HABITACIONES_DISPONIBLES;
DROP VIEW IF EXISTS DATOS_DE_HABITACIONES_DISPONIBLES;
DROP VIEW IF EXISTS dbo.DATOS_DE_HABITACIONES_DISPONIBLES;

/*
	###########################################################
	FIN BLOQUE COMPROBACIONES
	###########################################################
*/
/*
	###########################################################
	BLOQUE DE CREACION DE TABLAS
	###########################################################
*/


CREATE TABLE TIPOS_DE_CAMAS(
	ID_TIPO_DE_CAMA		INT				NOT NULL    IDENTITY(1,1)           PRIMARY KEY,
	DESCRIPCION			VARCHAR(60)                 DEFAULT 'NULL_STRING',
);


-- INFORMACION SOBRE QUÉ TIPOS DE HABITACIONES PUEDE HABER EN LA BDD
CREATE TABLE TIPOS_DE_HABITACIONES(
    ID_TIPO_DE_HABITACION       INT             NOT NULL    PRIMARY KEY,
	ID_TIPO_DE_CAMA	            INT				NOT NULL    FOREIGN KEY REFERENCES TIPOS_DE_CAMAS(ID_TIPO_DE_CAMA),
    CATEGORIA		            VARCHAR(60)		            DEFAULT 'NULL_STRING',
    PRECIO      			    DECIMAL				        DEFAULT 1,
	DESCRIPCION		            VARCHAR(512)                DEFAULT 'NULL_STRING',
    IMG_HABITACION_BASE_64      VARCHAR(MAX)    NOT NULL    DEFAULT 'IMAGEN_SERIALIZADA_BASE_64',
	TAMAÑO			            INT                         DEFAULT 1,
    ENLACE_URL                  VARCHAR(MAX)    NOT NULL    DEFAULT 'NULL_URL',

    CONSTRAINT CONST_CH_TAMAÑO CHECK (TAMAÑO > 0),
    CONSTRAINT CONST_CH_PRECIO CHECK (PRECIO > 0),
);


-- CREO LAS HABITACIONES, CON SU ID Y QUE TIPO DE HABITACION ES
CREATE TABLE HABITACIONES(
	ID_HABITACION                       INT     NOT NULL    PRIMARY KEY,
    ID_TIPO_DE_HABITACION               INT     NOT NULL    FOREIGN KEY REFERENCES TIPOS_DE_HABITACIONES(ID_TIPO_DE_HABITACION),
);


CREATE TABLE CLIENTES(
	ID_CLIENTE		INT				NOT NULL    IDENTITY(1,1)   PRIMARY KEY,
	NOMBRE			VARCHAR(30)		NOT NULL,
	APELLIDOS       VARCHAR(60)     NOT NULL,
    USERNAME        VARCHAR(60)                     DEFAULT 'NULL_STRING',
	DNI				VARCHAR(9)		NOT NULL        UNIQUE,
    -- TODO: cambiar edad por fecha_nacimiento
	--EDAD            INT             NOT NULL,
    EMAIL           VARCHAR(60)     NOT NULL        UNIQUE,

	--CONSTRAINT CONST_CH_EDAD_BIGGER_EQUAL_THAN_18 CHECK(EDAD >= 18)
);


CREATE TABLE RESERVAS_DE_HABITACIONES(
	ID_RESERVA_HABITACION       INT		    NOT NULL    IDENTITY(1,1)   PRIMARY KEY,
	ID_CLIENTE			        INT		    NOT NULL	                FOREIGN KEY REFERENCES CLIENTES(ID_CLIENTE),
	ID_HABITACION		        INT		    NOT NULL                    FOREIGN KEY REFERENCES HABITACIONES(ID_HABITACION),
	FECHA_INICIO		        DATE	    NOT NULL,
	FECHA_FIN			        DATE	    NOT NULL,
    RESERVA_ACTIVA              INT                     DEFAULT 1,

	CONSTRAINT CONST_CH_FECHA_INICIO_LOWER_EQUAL_THAN_FECHA_FIN CHECK(FECHA_INICIO <= FECHA_FIN),
	CONSTRAINT CONST_CH_FECHA_INICIO_BIGGER_EQUAL_THAN_TODAYS_DATE CHECK( FECHA_INICIO >= CONVERT(date, GETDATE()) ),
	CONSTRAINT CONST_CH_FECHA_FIN_BIGGER_EQUAL_THAN_TODAYS_DATE CHECK( FECHA_FIN >= CONVERT(date, GETDATE()) ),
);


CREATE TABLE TIPOS_DE_SERVICIOS(
	ID_SERVICIO		    INT				NOT NULL	IDENTITY(1,1)   PRIMARY KEY,
    NOMBRE_SERVICIO     VARCHAR(120)    NOT NULL,
	DESCRIPCION		    VARCHAR(512)                DEFAULT 'NULL_STRING',
	PRECIO			    DECIMAL			NOT NULL,
    IMAGEN_BASE_64      VARCHAR(MAX)                DEFAULT 'IMAGEN_SERIALIZADA_BASE_64',
);


CREATE TABLE RESERVAS_DE_SERVICIOS(
    ID_RESERVA_SERVICIO     INT     IDENTITY(1,1)   PRIMARY KEY,
    ID_CLIENTE              INT                     FOREIGN KEY REFERENCES CLIENTES(ID_CLIENTE),
	ID_SERVICIO		        INT		                FOREIGN KEY REFERENCES TIPOS_DE_SERVICIOS(ID_SERVICIO),
    RESERVA_ACTIVA          INT     DEFAULT 1,
);


CREATE TABLE USUARIOS(
	ID_USUARIO		        INT				NOT NULL		IDENTITY(1,1)   PRIMARY KEY,
	USERNAME                VARCHAR(60)		NOT NULL		UNIQUE,
	EMAIL			        VARCHAR(60)		NOT NULL		UNIQUE,
    DNI			            VARCHAR(9)		NOT NULL		UNIQUE,
    NOMBRE                  VARCHAR(60)     NOT NULL,
    APELLIDOS               VARCHAR(60)     NOT NULL,
    -- TODO:    CONVERTIR LA CONTRASEÑA A CAMPO VARCHAR(MAX) Y CIFRARLA SIEMPRE CON MD5()
	PASS		            VARCHAR(120)    NOT NULL,
	-- un usuario por defecto NO es administrador
    FOTO_DE_PERFIL_BASE_64  VARCHAR(MAX)    NOT NULL		DEFAULT 'NULL_VALUE',
	ADMINISTRADOR	        BIT             NOT NULL		DEFAULT 0,
    USUARIO_ACTIVO          BIT             NOT NULL        DEFAULT 1,

    -- TODO:    PREGUNTAR A DAWID QUÉ PK ELEGIR: ID_USUARIO O (USERNAME, EMAIL, DNI)
	--CONSTRAINT CONST_PK_ID_USUARIO PRIMARY KEY (USERNAME, EMAIL, DNI),
	CONSTRAINT CONST_CH_USERNAME_LENGTH CHECK ( LEN(USERNAME) > 0 ),
	CONSTRAINT CONST_CH_PASSWORD_LENGTH CHECK ( LEN(PASS) > 8 ),
	CONSTRAINT CONST_CH_EMAIL_LENGTH CHECK ( LEN(EMAIL) > 0 ),
);

/*
	###########################################################
	FIN DE BLOQUE DE CREACION DE TABLAS
	###########################################################
*/
/*
	###########################################################
	BLOQUE INSERTS
	###########################################################
*/

/*
	EXPLICACIÓN:
		creo tipos de cama
		creo los tipos de habitacion
		creo las habitaciones con sus tipos de habitaciones y tipos de cama

		creo unos clientes de prueba (los clientes creo que no deberian serlo hasta que hayan tenido una reserva)
*/


INSERT INTO TIPOS_DE_CAMAS (DESCRIPCION) VALUES ('CAMA INDIVIDUAL');
INSERT INTO TIPOS_DE_CAMAS (DESCRIPCION) VALUES ('CAMA INDIVIDUAL GRANDE');
INSERT INTO TIPOS_DE_CAMAS (DESCRIPCION) VALUES ('CAMA MATRIMONIAL');
INSERT INTO TIPOS_DE_CAMAS (DESCRIPCION) VALUES ('CAMA MATRIMONIAL GRANDE');

INSERT INTO TIPOS_DE_HABITACIONES (ID_TIPO_DE_HABITACION, ID_TIPO_DE_CAMA, CATEGORIA, DESCRIPCION, TAMAÑO, PRECIO, ENLACE_URL) VALUES(1, 1, 'Habitación individual', 'Habitación para los amantes de la soledad. Selección perfecta para desconectar de las personas. Disfruta de las vistas a la ciudad mientras tomas tu bebida favorita', 20, 500, '/habitaciones/habitacion-individual');
INSERT INTO TIPOS_DE_HABITACIONES (ID_TIPO_DE_HABITACION, ID_TIPO_DE_CAMA, CATEGORIA, DESCRIPCION, TAMAÑO, PRECIO, ENLACE_URL) VALUES(2, 2, 'Habitación para ejecutivos', 'Habitación individual. Selección perfecta para hospedarte en un lugar que permita el descanso y el trabajo al mismo tiempo.', 20, 700, '/habitaciones/habitacion-ejecutiva');
INSERT INTO TIPOS_DE_HABITACIONES (ID_TIPO_DE_HABITACION, ID_TIPO_DE_CAMA, CATEGORIA, DESCRIPCION, TAMAÑO, PRECIO, ENLACE_URL) VALUES(3, 3, 'Habitación para parejas', 'Habitación para parejas. Disfrute de las vistas al mar y a la playa desde lo alto del hotel. Su disfrute está insonorizado para no tener ni un ápice de ruido del exterior.', 30, 900, '/habitaciones/habitacion-para-parejas');
INSERT INTO TIPOS_DE_HABITACIONES (ID_TIPO_DE_HABITACION, ID_TIPO_DE_CAMA, CATEGORIA, DESCRIPCION, TAMAÑO, PRECIO, ENLACE_URL) VALUES(4, 4, 'Habitación para parejas en azotea', 'Habitación para parejas. Disfrute de las vistas a la ciudad y al mar desde lo alto del edificio en una terraza perfectamente iluminada con luz natural.', 30, 1000, '/habitacion-para-parejas-en-azotea');
INSERT INTO TIPOS_DE_HABITACIONES (ID_TIPO_DE_HABITACION, ID_TIPO_DE_CAMA, CATEGORIA, DESCRIPCION, TAMAÑO, PRECIO, ENLACE_URL) VALUES(5, 4, 'Habitación de lujo', 'Habitación para los clientes más exigentes. Disfrute de las vistas al mar desde lo más bajo del edificio en un espacio habilitado debajo del agua.', 35, 5000, '/habitaciones/habitacion-de-lujo');

INSERT INTO HABITACIONES(ID_HABITACION, ID_TIPO_DE_HABITACION) VALUES(1, 1);
INSERT INTO HABITACIONES(ID_HABITACION, ID_TIPO_DE_HABITACION) VALUES(2, 1);
INSERT INTO HABITACIONES(ID_HABITACION, ID_TIPO_DE_HABITACION) VALUES(3, 1);
INSERT INTO HABITACIONES(ID_HABITACION, ID_TIPO_DE_HABITACION) VALUES(4, 1);
INSERT INTO HABITACIONES(ID_HABITACION, ID_TIPO_DE_HABITACION) VALUES(5, 1);
INSERT INTO HABITACIONES(ID_HABITACION, ID_TIPO_DE_HABITACION) VALUES(6, 1);
INSERT INTO HABITACIONES(ID_HABITACION, ID_TIPO_DE_HABITACION) VALUES(7, 2);
INSERT INTO HABITACIONES(ID_HABITACION, ID_TIPO_DE_HABITACION) VALUES(8, 2);
INSERT INTO HABITACIONES(ID_HABITACION, ID_TIPO_DE_HABITACION) VALUES(9, 2);
INSERT INTO HABITACIONES(ID_HABITACION, ID_TIPO_DE_HABITACION) VALUES(10, 2);
INSERT INTO HABITACIONES(ID_HABITACION, ID_TIPO_DE_HABITACION) VALUES(11, 2);
INSERT INTO HABITACIONES(ID_HABITACION, ID_TIPO_DE_HABITACION) VALUES(12, 2);
INSERT INTO HABITACIONES(ID_HABITACION, ID_TIPO_DE_HABITACION) VALUES(13, 2);
INSERT INTO HABITACIONES(ID_HABITACION, ID_TIPO_DE_HABITACION) VALUES(14, 3);
INSERT INTO HABITACIONES(ID_HABITACION, ID_TIPO_DE_HABITACION) VALUES(15, 3);
INSERT INTO HABITACIONES(ID_HABITACION, ID_TIPO_DE_HABITACION) VALUES(16, 3);
INSERT INTO HABITACIONES(ID_HABITACION, ID_TIPO_DE_HABITACION) VALUES(17, 3);
INSERT INTO HABITACIONES(ID_HABITACION, ID_TIPO_DE_HABITACION) VALUES(18, 3);
INSERT INTO HABITACIONES(ID_HABITACION, ID_TIPO_DE_HABITACION) VALUES(19, 3);
INSERT INTO HABITACIONES(ID_HABITACION, ID_TIPO_DE_HABITACION) VALUES(20, 3);
INSERT INTO HABITACIONES(ID_HABITACION, ID_TIPO_DE_HABITACION) VALUES(21, 3);
INSERT INTO HABITACIONES(ID_HABITACION, ID_TIPO_DE_HABITACION) VALUES(22, 4);
INSERT INTO HABITACIONES(ID_HABITACION, ID_TIPO_DE_HABITACION) VALUES(23, 4);
INSERT INTO HABITACIONES(ID_HABITACION, ID_TIPO_DE_HABITACION) VALUES(24, 4);
INSERT INTO HABITACIONES(ID_HABITACION, ID_TIPO_DE_HABITACION) VALUES(25, 4);
INSERT INTO HABITACIONES(ID_HABITACION, ID_TIPO_DE_HABITACION) VALUES(26, 4);
INSERT INTO HABITACIONES(ID_HABITACION, ID_TIPO_DE_HABITACION) VALUES(27, 4);
INSERT INTO HABITACIONES(ID_HABITACION, ID_TIPO_DE_HABITACION) VALUES(28, 4);
INSERT INTO HABITACIONES(ID_HABITACION, ID_TIPO_DE_HABITACION) VALUES(29, 4);
INSERT INTO HABITACIONES(ID_HABITACION, ID_TIPO_DE_HABITACION) VALUES(30, 4);
INSERT INTO HABITACIONES(ID_HABITACION, ID_TIPO_DE_HABITACION) VALUES(31, 5);

INSERT INTO CLIENTES (NOMBRE, APELLIDOS, USERNAME, DNI, EMAIL) VALUES ('IVAN', 'GOMEZ SIMANCAS', 'DEDUC', '03219876H', 'deduc@deduc.es');
INSERT INTO CLIENTES (NOMBRE, APELLIDOS, USERNAME, DNI, EMAIL) VALUES ('LUCÍA', 'GARCÍA RUBIA', 'pati', '02198765I', 'pati@pati.es');
INSERT INTO CLIENTES (NOMBRE, APELLIDOS, USERNAME, DNI, EMAIL) VALUES ('RUBÉN', 'SÁNCHEZ COLLAZOS', 'neoInfernox', '01987654J', 'neo@infernox.es');
INSERT INTO CLIENTES (NOMBRE, APELLIDOS, USERNAME, DNI, EMAIL) VALUES ('MARÍA', 'SIMANCAS', 'marycalsim' ,'19876543K', 'MARÍA@SIMANCAS.ES');
INSERT INTO CLIENTES (NOMBRE, APELLIDOS, USERNAME, DNI, EMAIL) VALUES ('ANTONIO', 'GOMEZ', 'pin', '98765421L', 'ANTONIO@GOMEZ.ES');
INSERT INTO CLIENTES (NOMBRE, APELLIDOS, USERNAME, DNI, EMAIL) VALUES ('FRANCISCO', 'GARCÍA', 'fran' ,'01987654M', 'FRANCISCO@GARCÍA.ES');
INSERT INTO CLIENTES (NOMBRE, APELLIDOS, USERNAME, DNI, EMAIL) VALUES ('PILAR', 'RUBIA', 'la pili' ,'98765432Z', 'PILAR@RUBIA.ES');

INSERT INTO RESERVAS_DE_HABITACIONES (ID_CLIENTE, ID_HABITACION, FECHA_INICIO, FECHA_FIN) VALUES (1, 1, '2023-10-05', '2023-10-10');
INSERT INTO RESERVAS_DE_HABITACIONES (ID_CLIENTE, ID_HABITACION, FECHA_INICIO, FECHA_FIN) VALUES (1, 2, '2023-10-20', '2023-10-25');
INSERT INTO RESERVAS_DE_HABITACIONES (ID_CLIENTE, ID_HABITACION, FECHA_INICIO, FECHA_FIN) VALUES (1, 3, '2023-10-30', '2023-11-05');
INSERT INTO RESERVAS_DE_HABITACIONES (ID_CLIENTE, ID_HABITACION, FECHA_INICIO, FECHA_FIN) VALUES (2, 9, '2023-07-06', '2023-07-16');
INSERT INTO RESERVAS_DE_HABITACIONES (ID_CLIENTE, ID_HABITACION, FECHA_INICIO, FECHA_FIN) VALUES (3, 18, '2023-07-05', '2023-07-26');
INSERT INTO RESERVAS_DE_HABITACIONES (ID_CLIENTE, ID_HABITACION, FECHA_INICIO, FECHA_FIN) VALUES (3, 31, '2023-07-01', '2023-07-06');
INSERT INTO RESERVAS_DE_HABITACIONES (ID_CLIENTE, ID_HABITACION, FECHA_INICIO, FECHA_FIN) VALUES (3, 20, '2023-07-16', '2023-07-20');
INSERT INTO RESERVAS_DE_HABITACIONES (ID_CLIENTE, ID_HABITACION, FECHA_INICIO, FECHA_FIN) VALUES (3, 21, '2023-07-16', '2023-07-20');
INSERT INTO RESERVAS_DE_HABITACIONES (ID_CLIENTE, ID_HABITACION, FECHA_INICIO, FECHA_FIN) VALUES (3, 22, '2023-07-26', '2023-07-01');
INSERT INTO RESERVAS_DE_HABITACIONES (ID_CLIENTE, ID_HABITACION, FECHA_INICIO, FECHA_FIN) VALUES (3, 23, '2023-07-19', '2023-07-23');
INSERT INTO RESERVAS_DE_HABITACIONES (ID_CLIENTE, ID_HABITACION, FECHA_INICIO, FECHA_FIN) VALUES (3, 24, '2023-07-30', '2023-07-15');
INSERT INTO RESERVAS_DE_HABITACIONES (ID_CLIENTE, ID_HABITACION, FECHA_INICIO, FECHA_FIN) VALUES (3, 25, '2023-07-04', '2023-07-13');
INSERT INTO RESERVAS_DE_HABITACIONES (ID_CLIENTE, ID_HABITACION, FECHA_INICIO, FECHA_FIN) VALUES (3, 26, '2023-07-16', '2023-07-20');
INSERT INTO RESERVAS_DE_HABITACIONES (ID_CLIENTE, ID_HABITACION, FECHA_INICIO, FECHA_FIN) VALUES (3, 27, '2023-07-25', '2023-07-30');

INSERT INTO TIPOS_DE_SERVICIOS (NOMBRE_SERVICIO, DESCRIPCION, PRECIO) VALUES ('Restaurante Salt Bae', 'Prueba los nuevos chuletones T-Bonne bañados en oro. Experimenta el menú de degustación con los ingredientes más exóticos de oriente medio.', 300);
INSERT INTO TIPOS_DE_SERVICIOS (NOMBRE_SERVICIO, DESCRIPCION, PRECIO) VALUES ('A la luz de la luna', 'Toma un baño relajante en la piscina de uno de nuestros recintos privados, sin distracciones, solo tú y los tuyos.', 100);
INSERT INTO TIPOS_DE_SERVICIOS (NOMBRE_SERVICIO, DESCRIPCION, PRECIO) VALUES ('Pasarela de moda', 'Lo último en moda arábiga se encuentra con nosotros en una pasarela con público selecto. Únete a la fiesta tras el evento, estás invitado.', 300);
INSERT INTO TIPOS_DE_SERVICIOS (NOMBRE_SERVICIO, DESCRIPCION, PRECIO) VALUES ('Tributo a Linkin Park', 'Disfruta de un grupo homenaje a Linkin Park en un tributo a modo de promoción del nuevo album de Meteora en su vigésimo aniversario.', 200);

INSERT INTO RESERVAS_DE_SERVICIOS (ID_CLIENTE, ID_SERVICIO) VALUES (1, 1);
INSERT INTO RESERVAS_DE_SERVICIOS (ID_CLIENTE, ID_SERVICIO) VALUES (2, 1);
INSERT INTO RESERVAS_DE_SERVICIOS (ID_CLIENTE, ID_SERVICIO) VALUES (4, 1);
INSERT INTO RESERVAS_DE_SERVICIOS (ID_CLIENTE, ID_SERVICIO) VALUES (1, 2);
INSERT INTO RESERVAS_DE_SERVICIOS (ID_CLIENTE, ID_SERVICIO) VALUES (2, 2);
INSERT INTO RESERVAS_DE_SERVICIOS (ID_CLIENTE, ID_SERVICIO) VALUES (4, 2);
INSERT INTO RESERVAS_DE_SERVICIOS (ID_CLIENTE, ID_SERVICIO) VALUES (1, 3);
INSERT INTO RESERVAS_DE_SERVICIOS (ID_CLIENTE, ID_SERVICIO) VALUES (2, 3);
INSERT INTO RESERVAS_DE_SERVICIOS (ID_CLIENTE, ID_SERVICIO) VALUES (4, 3);

INSERT INTO USUARIOS (NOMBRE, APELLIDOS, USERNAME, PASS, EMAIL, DNI) VALUES ('ivan', 'gomez calvo', 'deduc', '1234567890', 'deduc@deduc.es', '03217833H');
INSERT INTO USUARIOS (NOMBRE, APELLIDOS, USERNAME, PASS, EMAIL, DNI) VALUES ('oscar', 'gomez calvo', '0sc4r', '935115000', 'oscar@oscar.es', '03217834H');
INSERT INTO USUARIOS (NOMBRE, APELLIDOS, USERNAME, PASS, EMAIL, DNI) VALUES ('lucia', 'garcia rubia', 'pati', '09092022132', 'pati@pati.es', '03214567L');
INSERT INTO USUARIOS (NOMBRE, APELLIDOS, USERNAME, PASS, EMAIL, DNI) VALUES ('cerdabeja', 'cerda abeja', 'cerdabeja', 'oinkoinkoinkoink', 'cerda@abeja.es', '00000000A');

/*
	###########################################################
	FIN BLOQUE INSERTS
	###########################################################
*/
