/*
	###########################################################
	BLOQUE INSERTS
	###########################################################
*/

/*
	EXPLICACIÓN:
		creo tipos de cama
		creo los tipos de habitacion
		creo las habitaciones con sus tipos de habitaciones y tipos de cama

		creo unos clientes de prueba (los clientes creo que no deberian serlo hasta que hayan tenido una reserva)
*/


INSERT INTO TIPOS_DE_CAMAS (DESCRIPCION) VALUES ('CAMA INDIVIDUAL');
INSERT INTO TIPOS_DE_CAMAS (DESCRIPCION) VALUES ('CAMA INDIVIDUAL GRANDE');
INSERT INTO TIPOS_DE_CAMAS (DESCRIPCION) VALUES ('CAMA MATRIMONIAL');
INSERT INTO TIPOS_DE_CAMAS (DESCRIPCION) VALUES ('CAMA MATRIMONIAL GRANDE');

INSERT INTO TIPOS_DE_HABITACIONES (ID_TIPO_DE_HABITACION, ID_TIPO_DE_CAMA, CATEGORIA, DESCRIPCION, TAMAÑO, PRECIO, ENLACE_URL) VALUES(1, 1, 'Habitación individual', 'Habitación para los amantes de la soledad. Selección perfecta para desconectar de las personas. Disfruta de las vistas a la ciudad mientras tomas tu bebida favorita', 20, 500, '/habitaciones/habitacion-individual');
INSERT INTO TIPOS_DE_HABITACIONES (ID_TIPO_DE_HABITACION, ID_TIPO_DE_CAMA, CATEGORIA, DESCRIPCION, TAMAÑO, PRECIO, ENLACE_URL) VALUES(2, 2, 'Habitación para ejecutivos', 'Habitación individual. Selección perfecta para hospedarte en un lugar que permita el descanso y el trabajo al mismo tiempo.', 20, 700, '/habitaciones/habitacion-ejecutiva');
INSERT INTO TIPOS_DE_HABITACIONES (ID_TIPO_DE_HABITACION, ID_TIPO_DE_CAMA, CATEGORIA, DESCRIPCION, TAMAÑO, PRECIO, ENLACE_URL) VALUES(3, 3, 'Habitación para parejas', 'Habitación para parejas. Disfrute de las vistas al mar y a la playa desde lo alto del hotel. Su disfrute está insonorizado para no tener ni un ápice de ruido del exterior.', 30, 900, '/habitaciones/habitacion-para-parejas');
INSERT INTO TIPOS_DE_HABITACIONES (ID_TIPO_DE_HABITACION, ID_TIPO_DE_CAMA, CATEGORIA, DESCRIPCION, TAMAÑO, PRECIO, ENLACE_URL) VALUES(4, 4, 'Habitación para parejas en azotea', 'Habitación para parejas. Disfrute de las vistas a la ciudad y al mar desde lo alto del edificio en una terraza perfectamente iluminada con luz natural.', 30, 1000, '/habitacion-para-parejas-en-azotea');
INSERT INTO TIPOS_DE_HABITACIONES (ID_TIPO_DE_HABITACION, ID_TIPO_DE_CAMA, CATEGORIA, DESCRIPCION, TAMAÑO, PRECIO, ENLACE_URL) VALUES(5, 4, 'Habitación de lujo', 'Habitación para los clientes más exigentes. Disfrute de las vistas al mar desde lo más bajo del edificio en un espacio habilitado debajo del agua.', 35, 5000, '/habitaciones/habitacion-de-lujo');

INSERT INTO HABITACIONES(ID_HABITACION, ID_TIPO_DE_HABITACION) VALUES(1, 1);
INSERT INTO HABITACIONES(ID_HABITACION, ID_TIPO_DE_HABITACION) VALUES(2, 1);
INSERT INTO HABITACIONES(ID_HABITACION, ID_TIPO_DE_HABITACION) VALUES(3, 1);
INSERT INTO HABITACIONES(ID_HABITACION, ID_TIPO_DE_HABITACION) VALUES(4, 1);
INSERT INTO HABITACIONES(ID_HABITACION, ID_TIPO_DE_HABITACION) VALUES(5, 1);
INSERT INTO HABITACIONES(ID_HABITACION, ID_TIPO_DE_HABITACION) VALUES(6, 1);
INSERT INTO HABITACIONES(ID_HABITACION, ID_TIPO_DE_HABITACION) VALUES(7, 2);
INSERT INTO HABITACIONES(ID_HABITACION, ID_TIPO_DE_HABITACION) VALUES(8, 2);
INSERT INTO HABITACIONES(ID_HABITACION, ID_TIPO_DE_HABITACION) VALUES(9, 2);
INSERT INTO HABITACIONES(ID_HABITACION, ID_TIPO_DE_HABITACION) VALUES(10, 2);
INSERT INTO HABITACIONES(ID_HABITACION, ID_TIPO_DE_HABITACION) VALUES(11, 2);
INSERT INTO HABITACIONES(ID_HABITACION, ID_TIPO_DE_HABITACION) VALUES(12, 2);
INSERT INTO HABITACIONES(ID_HABITACION, ID_TIPO_DE_HABITACION) VALUES(13, 2);
INSERT INTO HABITACIONES(ID_HABITACION, ID_TIPO_DE_HABITACION) VALUES(14, 3);
INSERT INTO HABITACIONES(ID_HABITACION, ID_TIPO_DE_HABITACION) VALUES(15, 3);
INSERT INTO HABITACIONES(ID_HABITACION, ID_TIPO_DE_HABITACION) VALUES(16, 3);
INSERT INTO HABITACIONES(ID_HABITACION, ID_TIPO_DE_HABITACION) VALUES(17, 3);
INSERT INTO HABITACIONES(ID_HABITACION, ID_TIPO_DE_HABITACION) VALUES(18, 3);
INSERT INTO HABITACIONES(ID_HABITACION, ID_TIPO_DE_HABITACION) VALUES(19, 3);
INSERT INTO HABITACIONES(ID_HABITACION, ID_TIPO_DE_HABITACION) VALUES(20, 3);
INSERT INTO HABITACIONES(ID_HABITACION, ID_TIPO_DE_HABITACION) VALUES(21, 3);
INSERT INTO HABITACIONES(ID_HABITACION, ID_TIPO_DE_HABITACION) VALUES(22, 4);
INSERT INTO HABITACIONES(ID_HABITACION, ID_TIPO_DE_HABITACION) VALUES(23, 4);
INSERT INTO HABITACIONES(ID_HABITACION, ID_TIPO_DE_HABITACION) VALUES(24, 4);
INSERT INTO HABITACIONES(ID_HABITACION, ID_TIPO_DE_HABITACION) VALUES(25, 4);
INSERT INTO HABITACIONES(ID_HABITACION, ID_TIPO_DE_HABITACION) VALUES(26, 4);
INSERT INTO HABITACIONES(ID_HABITACION, ID_TIPO_DE_HABITACION) VALUES(27, 4);
INSERT INTO HABITACIONES(ID_HABITACION, ID_TIPO_DE_HABITACION) VALUES(28, 4);
INSERT INTO HABITACIONES(ID_HABITACION, ID_TIPO_DE_HABITACION) VALUES(29, 4);
INSERT INTO HABITACIONES(ID_HABITACION, ID_TIPO_DE_HABITACION) VALUES(30, 4);
INSERT INTO HABITACIONES(ID_HABITACION, ID_TIPO_DE_HABITACION) VALUES(31, 5);

INSERT INTO CLIENTES (NOMBRE, APELLIDOS, USERNAME, DNI, EMAIL) VALUES ('IVAN', 'GOMEZ SIMANCAS', 'DEDUC', '03219876H', 'deduc@deduc.es');
INSERT INTO CLIENTES (NOMBRE, APELLIDOS, USERNAME, DNI, EMAIL) VALUES ('LUCÍA', 'GARCÍA RUBIA', 'pati', '02198765I', 'pati@pati.es');
INSERT INTO CLIENTES (NOMBRE, APELLIDOS, USERNAME, DNI, EMAIL) VALUES ('RUBÉN', 'SÁNCHEZ COLLAZOS', 'neoInfernox', '01987654J', 'neo@infernox.es');
INSERT INTO CLIENTES (NOMBRE, APELLIDOS, USERNAME, DNI, EMAIL) VALUES ('MARÍA', 'SIMANCAS', 'marycalsim' ,'19876543K', 'MARÍA@SIMANCAS.ES');
INSERT INTO CLIENTES (NOMBRE, APELLIDOS, USERNAME, DNI, EMAIL) VALUES ('ANTONIO', 'GOMEZ', 'pin', '98765421L', 'ANTONIO@GOMEZ.ES');
INSERT INTO CLIENTES (NOMBRE, APELLIDOS, USERNAME, DNI, EMAIL) VALUES ('FRANCISCO', 'GARCÍA', 'fran' ,'01987654M', 'FRANCISCO@GARCÍA.ES');
INSERT INTO CLIENTES (NOMBRE, APELLIDOS, USERNAME, DNI, EMAIL) VALUES ('PILAR', 'RUBIA', 'la pili' ,'98765432Z', 'PILAR@RUBIA.ES');

INSERT INTO RESERVAS_DE_HABITACIONES (ID_CLIENTE, ID_HABITACION, FECHA_INICIO, FECHA_FIN) VALUES (1, 1, '2024-05-05', '2024-05-10');
INSERT INTO RESERVAS_DE_HABITACIONES (ID_CLIENTE, ID_HABITACION, FECHA_INICIO, FECHA_FIN) VALUES (1, 2, '2024-05-20', '2024-05-25');
INSERT INTO RESERVAS_DE_HABITACIONES (ID_CLIENTE, ID_HABITACION, FECHA_INICIO, FECHA_FIN) VALUES (1, 3, '2024-05-30', '2024-06-05');
INSERT INTO RESERVAS_DE_HABITACIONES (ID_CLIENTE, ID_HABITACION, FECHA_INICIO, FECHA_FIN) VALUES (2, 9, '2024-06-06', '2024-06-16');
INSERT INTO RESERVAS_DE_HABITACIONES (ID_CLIENTE, ID_HABITACION, FECHA_INICIO, FECHA_FIN) VALUES (3, 18, '2024-06-05', '2024-06-26');
INSERT INTO RESERVAS_DE_HABITACIONES (ID_CLIENTE, ID_HABITACION, FECHA_INICIO, FECHA_FIN) VALUES (3, 31, '2024-06-01', '2024-06-06');
INSERT INTO RESERVAS_DE_HABITACIONES (ID_CLIENTE, ID_HABITACION, FECHA_INICIO, FECHA_FIN) VALUES (3, 20, '2024-06-16', '2024-06-20');
INSERT INTO RESERVAS_DE_HABITACIONES (ID_CLIENTE, ID_HABITACION, FECHA_INICIO, FECHA_FIN) VALUES (3, 20, '2024-06-17', '2024-06-19');

INSERT INTO TIPOS_DE_SERVICIOS (NOMBRE_SERVICIO, DESCRIPCION, PRECIO) VALUES ('Restaurante Salt Bae', 'Prueba los nuevos chuletones T-Bonne bañados en oro. Experimenta el menú de degustación con los ingredientes más exóticos de oriente medio.', 300);
INSERT INTO TIPOS_DE_SERVICIOS (NOMBRE_SERVICIO, DESCRIPCION, PRECIO) VALUES ('A la luz de la luna', 'Toma un baño relajante en la piscina de uno de nuestros recintos privados, sin distracciones, solo tú y los tuyos.', 100);
INSERT INTO TIPOS_DE_SERVICIOS (NOMBRE_SERVICIO, DESCRIPCION, PRECIO) VALUES ('Pasarela de moda', 'Lo último en moda arábiga se encuentra con nosotros en una pasarela con público selecto. Únete a la fiesta tras el evento, estás invitado.', 300);
INSERT INTO TIPOS_DE_SERVICIOS (NOMBRE_SERVICIO, DESCRIPCION, PRECIO) VALUES ('Tributo a Linkin Park', 'Disfruta de un grupo homenaje a Linkin Park en un tributo a modo de promoción del nuevo album de Meteora en su vigésimo aniversario.', 200);

INSERT INTO RESERVAS_DE_SERVICIOS (ID_CLIENTE, ID_SERVICIO) VALUES (1, 1);
INSERT INTO RESERVAS_DE_SERVICIOS (ID_CLIENTE, ID_SERVICIO) VALUES (2, 1);
INSERT INTO RESERVAS_DE_SERVICIOS (ID_CLIENTE, ID_SERVICIO) VALUES (4, 1);
INSERT INTO RESERVAS_DE_SERVICIOS (ID_CLIENTE, ID_SERVICIO) VALUES (1, 2);
INSERT INTO RESERVAS_DE_SERVICIOS (ID_CLIENTE, ID_SERVICIO) VALUES (2, 2);
INSERT INTO RESERVAS_DE_SERVICIOS (ID_CLIENTE, ID_SERVICIO) VALUES (4, 2);
INSERT INTO RESERVAS_DE_SERVICIOS (ID_CLIENTE, ID_SERVICIO) VALUES (1, 3);
INSERT INTO RESERVAS_DE_SERVICIOS (ID_CLIENTE, ID_SERVICIO) VALUES (2, 3);
INSERT INTO RESERVAS_DE_SERVICIOS (ID_CLIENTE, ID_SERVICIO) VALUES (4, 3);

INSERT INTO USUARIOS (NOMBRE, APELLIDOS, USERNAME, PASS, EMAIL, DNI) VALUES ('ivan', 'gomez calvo', 'deduc', '1234567890', 'deduc@deduc.es', '03217833H');
INSERT INTO USUARIOS (NOMBRE, APELLIDOS, USERNAME, PASS, EMAIL, DNI) VALUES ('oscar', 'gomez calvo', '0sc4r', '935115000', 'oscar@oscar.es', '03217834H');
INSERT INTO USUARIOS (NOMBRE, APELLIDOS, USERNAME, PASS, EMAIL, DNI) VALUES ('lucia', 'garcia rubia', 'pati', '09092022132', 'pati@pati.es', '03214567L');
INSERT INTO USUARIOS (NOMBRE, APELLIDOS, USERNAME, PASS, EMAIL, DNI) VALUES ('cerdabeja', 'cerda abeja', 'cerdabeja', 'oinkoinkoinkoink', 'cerda@abeja.es', '00000000A');

/*
	###########################################################
	FIN BLOQUE INSERTS
	###########################################################
*/
